angDist,_RAJ2000,_DEJ2000,Name,SpType,plx,logg,l_[Fe/H],[Fe/H],l_Prot,Prot,<S>,<FHK>,<FHa>,Simbad,_RA,_DE,ra_epoch2000,dec_epoch2000,errHalfMaj,errHalfMin,errPosAng,source_id,ra,ra_error,dec,dec_error,parallax,parallax_error,pmra,pmra_error,pmdec,pmdec_error,duplicated_source,phot_g_mean_flux,phot_g_mean_flux_error,phot_g_mean_mag,phot_bp_mean_flux,phot_bp_mean_flux_error,phot_bp_mean_mag,phot_rp_mean_flux,phot_rp_mean_flux_error,phot_rp_mean_mag,bp_rp,radial_velocity,radial_velocity_error,teff_val,a_g_val,e_bp_min_rp_val,radius_val,lum_val
0.004913,5.7157844,-12.2094381,HD   1835,G3V,49.05,4.22,,-0.01,,7.78,0.35,187.2,33.75,Simbad,5.71578,-12.20944,5.7157847162200,-12.2094367708000,0.002,0.001,90,2423493369021649920,5.71752259024,0.0420,-12.20917389555,0.0288,46.9258,0.0508,394.506,0.120,61.056,0.059,0,6.09903e+07,4.10236e+04,6.225214,3.23068e+07,6.55902e+04,6.578154,4.02581e+07,7.41806e+04,5.749787,0.828366,-2.34,0.16,5760.90,0.1057,0.0540,1.05,1.095
0.010906,9.1582344,-49.1323231,HD   3405,G0/G1V,22.79,,,,,,0.33,219.1,46.33,Simbad,9.15823,-49.13232,9.1582361567300,-49.1323259029000,0.001,0.000,0,4974688412245511424,9.16077093789,0.0162,-49.13289940966,0.0175,22.5200,0.0264,385.210,0.030,-133.195,0.038,0,4.20517e+07,1.09612e+04,6.628906,2.24947e+07,3.41539e+04,6.971188,2.71880e+07,3.30152e+04,6.175976,0.795212,,,5890.00,,,1.73,3.254
1.633341,9.1582344,-49.1323231,HD   3405,G0/G1V,22.79,,,,,,0.33,219.1,46.33,Simbad,9.15823,-49.13232,9.1575596245400,-49.1322186349000,0.011,0.004,0,4974688412245652736,9.15755962454,4.4327,-49.13221863489,10.7368,,,,,,,0,3.57988e+02,9.57895e+00,19.303694,,,,,,,,,,,,,,
0.247131,10.1367042,-23.8048761,HD   3795,G3/G5V,35.02,3.75,,-0.7,,32.0,0.15,70.85,28.05,Simbad,10.1367,-23.80488,10.1366483559000,-23.8049219470000,0.007,0.006,0,2347427397969642496,10.13978551776,0.1605,-23.80641790425,0.1551,35.1312,0.1452,666.660,0.386,-347.450,0.423,1,7.97529e+07,3.67233e+04,5.934000,4.01375e+07,1.00178e+05,6.342511,5.46721e+07,1.34981e+05,5.417505,0.925006,-45.42,0.17,5504.50,,,1.78,2.608
0.002903,11.1636156,-65.6495222,HD   4308,G3V,45.76,4.29,,-0.47,,,0.16,94.45,30.47,Simbad,11.16362,-65.64952,11.1636146904000,-65.6495229140000,0.001,0.001,90,4708607629114652032,11.16525940042,0.0213,-65.65271591976,0.0195,45.3930,0.0220,157.504,0.041,-741.599,0.040,0,5.32752e+07,1.19162e+04,6.372052,2.79370e+07,4.83504e+04,6.735939,3.52973e+07,1.52044e+05,5.892565,0.843373,95.19,0.16,5752.75,0.1438,0.0693,1.02,1.023
0.015076,12.8917467,-22.910065,HD   4967,K5V,65.81,,,,,,1.49,33.55,10.66,Simbad,12.89175,-22.91006,12.8917506312000,-22.9100671034000,0.002,0.001,90,2349206308999273984,12.89461667282,0.0531,-22.91125701566,0.0396,65.1905,0.0567,613.143,0.154,-276.357,0.067,0,8.15953e+06,4.86863e+03,8.409204,2.90517e+06,3.34834e+03,9.193460,7.46748e+06,1.01230e+04,7.578985,1.614475,14.46,0.16,4271.29,0.4380,0.2117,0.60,0.108
0.009546,14.9350906,-31.3361847,HD   5869,K4V,4.76,,,,,,0.18,1.11,31.14,Simbad,14.93509,-31.33618,14.9350926557000,-31.3361866872000,0.001,0.001,90,5030721311502355200,14.93521523248,0.0577,-31.33619429145,0.0405,3.3922,0.0806,24.317,0.094,-1.766,0.070,1,3.07971e+07,1.20124e+04,6.967091,1.06377e+07,1.96764e+04,7.784271,2.84497e+07,6.48325e+04,6.126728,1.657543,-11.77,0.44,4186.00,0.3918,0.1710,23.87,157.617
0.026308,23.4284875,-7.0253408,HD   9562,G2IV,33.71,3.9,,0.18,,29.0,0.14,84.8,30.39,Simbad,23.42849,-7.02534,23.4284806450000,-7.0253434674000,0.003,0.002,90,2477891500647336704,23.42923964826,0.1078,-7.02569959918,0.0603,33.6309,0.1231,174.962,0.213,-82.715,0.106,0,1.10283e+08,1.28983e+05,5.582091,5.84874e+07,1.60463e+05,5.933732,7.06371e+07,2.87792e+05,5.139339,0.794394,-14.83,0.19,5896.00,0.7413,0.4752,1.87,3.826
0.125201,26.0170119,-15.93748,HD  10700,G8V,274.17,4.3,,-0.59,,34.5,0.18,78.55,28.1,Simbad,26.01701,-15.93748,26.0170480154000,-15.9374818835000,0.020,0.012,90,2452378776434276992,26.00930287667,0.4122,-15.93379865094,0.3505,277.5162,0.5173,-1729.726,1.313,855.493,0.783,1,1.05171e+09,7.22737e+06,3.133622,4.34215e+08,3.59447e+06,3.757126,6.34651e+08,1.93375e+06,2.755582,1.001544,,,5375.00,,,0.86,0.559
0.224397,27.3473206,-10.70356,HD  11131,G0,43.47,4.5,,-0.06,<,5.21,0.33,213.1,36.16,Simbad,27.34732,-10.70356,27.3472937690000,-10.7036164824000,0.003,0.002,90,2461045711199481472,27.34658638656,0.0814,-10.70393891582,0.0822,42.2510,0.1122,-161.437,0.167,-74.888,0.159,0,4.42953e+07,2.20825e+04,6.572473,2.36145e+07,5.07999e+04,6.918442,2.87801e+07,1.10127e+05,6.114188,0.804254,-4.18,0.22,5793.00,0.0192,0.0167,0.98,0.979
0.011632,30.9802119,-45.4129039,HD  12759,G3V,20.34,,,,,,0.42,208.25,35.53,Simbad,30.98021,-45.4129,30.9802156372000,-45.4129057861000,0.001,0.001,0,4943931975343385728,30.98222246415,0.0184,-45.41268104303,0.0197,19.8761,0.0259,327.200,0.035,52.202,0.042,0,2.85847e+07,8.91866e+03,7.048032,1.49831e+07,4.02245e+04,7.412387,1.93751e+07,5.08428e+04,6.543810,0.868577,,,5549.62,,,1.84,2.908
1.308556,30.9802119,-45.4129039,HD  12759,G3V,20.34,,,,,,0.42,208.25,35.53,Simbad,30.98021,-45.4129,30.9797981402000,-45.4131224380000,0.022,0.013,0,4943931979639374976,30.98171396742,0.3356,-45.41288444218,0.5280,19.8907,0.4376,312.362,0.815,55.280,1.442,1,1.02730e+06,8.57818e+03,10.659125,7.83127e+05,6.86877e+04,10.616808,,,,,,,,,,,
0.158136,32.6080592,-50.8237244,HD  13445,K0V,91.63,4.75,,-0.21,,30.0,0.26,69.8,26.86,Simbad,32.60806,-50.82372,32.6079948974000,-50.8237411194000,0.001,0.001,90,4937000898855759104,32.62247850871,0.0379,-50.82099445436,0.0331,92.7042,0.0454,2124.853,0.075,638.092,0.063,1,8.42879e+07,4.02963e+04,5.873952,4.03392e+07,8.91929e+04,6.337070,5.98988e+07,1.81053e+05,5.318375,1.018695,55.23,0.18,5263.50,0.1330,0.0635,0.77,0.408
0.014218,40.0517581,-9.452875,HD  16673,F6V,46.42,4.16,,-0.01,,7.0,0.22,225.85,38.1,Simbad,40.05176,-9.45287,40.0517588593000,-9.4528711221300,0.006,0.006,90,5173902189571919872,40.05115667284,0.2298,-9.45321100644,0.1857,45.6099,0.2451,-137.964,0.416,-78.941,0.359,0,1.03772e+08,1.41815e+05,5.648168,5.75701e+07,4.65365e+05,5.950895,6.31826e+07,2.75151e+05,5.260427,0.690469,-8.50,3.39,6237.00,0.0920,0.0452,1.19,1.936
0.001856,40.6394439,-50.8002939,HD  17051,G3IV,58.0,4.22,,-0.04,,7.9,0.23,193.1,37.36,Simbad,40.63944,-50.80029,40.6394436475000,-50.8002934097000,0.001,0.001,0,4745373133284418816,40.64171780844,0.0455,-50.79934839914,0.0436,57.7143,0.0537,333.826,0.083,219.488,0.086,0,1.53346e+08,2.32016e+05,5.224186,8.23942e+07,1.51218e+05,5.561647,9.30463e+07,2.09903e+05,4.840173,0.721474,17.01,0.15,6126.50,0.1570,0.0660,1.19,1.791
0.023607,42.0330475,-36.9815897,HD  17576,G0V,6.13,,,,,,0.84,614.0,54.48,Simbad,42.03305,-36.98159,42.0330421039000,-36.9815847585000,0.001,0.001,90,5048963240199294720,42.03315590629,0.0262,-36.98144691108,0.0252,7.0143,0.0310,21.114,0.059,32.016,0.057,0,1.50986e+07,1.73624e+04,7.741023,8.07074e+06,3.78155e+04,8.084106,1.01801e+07,3.65537e+04,7.242542,0.841563,,,5781.00,,,3.47,12.117
2.115534,42.0330475,-36.9815897,HD  17576,G0V,6.13,,,,,,0.84,614.0,54.48,Simbad,42.03305,-36.98159,42.0331810538000,-36.9821675830000,0.001,0.001,90,5048963240199294848,42.03330060736,0.0300,-36.98203629122,0.0280,6.8025,0.0392,22.181,0.060,30.494,0.054,1,1.11589e+06,1.89498e+03,10.569311,7.31570e+05,2.58327e+04,10.690748,8.15285e+05,6.91897e+04,9.983646,0.707102,,,5956.25,,,0.91,0.944
0.006987,43.1338694,-12.7697144,HD  17925,K1V,96.33,4.6,,0.1,,6.76,0.65,140.0,31.17,Simbad,43.13387,-12.76971,43.1338674390000,-12.7697140693000,0.001,0.001,90,5160075762132996992,43.13562162144,0.0389,-12.77052831794,0.0345,96.5400,0.0435,397.346,0.076,-189.114,0.075,0,9.04773e+07,1.15212e+05,5.797017,4.25928e+07,1.96669e+05,6.278048,6.38738e+07,4.49774e+05,5.248612,1.029436,17.91,0.14,5178.00,0.1075,0.0587,0.79,0.409
0.008602,45.9123292,-5.6662997,HD  19034,G5,28.33,,,,,,0.18,93.7,30.7,Simbad,45.91233,-5.6663,45.9123283587000,-5.6662974619400,0.002,0.002,0,5181087291900789888,45.91377124197,0.0472,-5.66743287948,0.0587,26.5745,0.0731,333.487,0.104,-263.712,0.123,0,1.31014e+07,4.60423e+03,7.895071,6.77719e+06,1.74867e+04,8.273764,8.84933e+06,2.23301e+04,7.394644,0.879119,-20.55,0.20,5580.30,0.0620,0.0250,0.92,0.743
0.001615,46.8273964,-13.7617833,HD  19467,G3V,31.76,,,,,,0.15,88.15,30.57,Simbad,46.8274,-13.76178,46.8273959830000,-13.7617831071000,0.001,0.001,0,5155981730587168384,46.82735748598,0.0353,-13.76290499129,0.0368,31.2255,0.0410,-8.685,0.070,-260.566,0.077,0,3.59749e+07,1.37077e+04,6.798367,1.88662e+07,4.82355e+04,7.162175,2.35019e+07,1.14089e+05,6.334162,0.828013,6.46,0.25,5718.00,0.2620,0.1510,1.23,1.463
0.015140,48.1934856,-1.1961011,HD  19994,F8V,44.69,4.1,,0.15,,8.59,0.17,138.25,33.27,Simbad,48.19349,-1.1961,48.1934871153000,-1.1960971767400,0.005,0.005,90,3265335443260522112,48.19431934496,0.1684,-1.19639552259,0.1472,44.3695,0.2030,193.250,0.324,-69.293,0.311,1,2.09590e+08,6.77509e+05,4.884942,1.11549e+08,3.48686e+05,5.232720,1.23742e+08,7.77831e+05,4.530629,0.702091,19.62,0.15,6071.00,1.0000,0.5010,1.84,4.149
2.434443,48.1934856,-1.1961011,HD  19994,F8V,44.69,4.1,,0.15,,8.59,0.17,138.25,33.27,Simbad,48.19349,-1.1961,48.1931899711000,-1.1967093221500,0.021,0.015,90,3265335443259949568,48.19413468089,0.6780,-1.19698778142,0.4545,38.9993,0.5899,219.369,1.375,-64.674,0.959,0,2.67223e+06,3.16959e+04,9.621183,,,,,,,,,,,,,,
0.019818,49.7578883,-2.8431947,HD  20619,G0,40.52,4.48,,-0.2,,,0.18,105.4,29.49,Simbad,49.75789,-2.84319,49.7578933394000,-2.8431924701800,0.001,0.001,90,3261878613062758144,49.75898690197,0.0382,-2.84362628383,0.0349,41.6663,0.0461,253.676,0.077,-100.757,0.075,0,3.36069e+07,1.23416e+04,6.872294,1.76605e+07,3.91730e+04,7.233883,2.20154e+07,7.89246e+04,6.405103,0.828780,22.71,0.20,5715.67,0.0405,0.0165,0.89,0.768
0.004993,49.4423481,-62.5753219,HD  20766,G2V,82.51,4.54,,-0.22,<,12.1,0.25,157.45,33.1,Simbad,49.44235,-62.57532,49.4423469190000,-62.5753206243000,0.002,0.002,0,4722111590409480064,49.45485101598,0.0705,-62.57252282842,0.0752,83.0625,0.0739,1337.591,0.142,649.930,0.154,0,1.42281e+08,2.56016e+05,5.305501,7.29118e+07,1.21004e+05,5.694394,9.08140e+07,2.89325e+05,4.866539,0.827856,12.21,0.17,5823.33,0.0310,0.0145,0.89,0.812
0.018385,53.2326842,-9.4582622,HD  22049,K2V,310.75,4.38,,-0.14,,11.68,0.47,89.9,24.74,Simbad,53.23268,-9.45826,53.2326880116000,-9.4582587438600,0.009,0.009,90,5164707970261630080,53.22843060110,0.3824,-9.45817151519,0.2161,312.2191,0.4673,-975.376,0.567,20.266,0.556,0,8.46623e+08,3.11076e+06,3.369140,3.46353e+08,3.08523e+06,4.002592,5.64378e+08,2.91346e+06,2.882995,1.119597,,,4975.00,0.1640,0.0840,0.83,0.381
0.039980,55.8120908,-9.7633947,HD  23249,K0IV,110.58,3.95,,0.05,,71.0,0.13,22.68,19.26,Simbad,55.81209,-9.76339,55.8120820236000,-9.7633877339400,0.013,0.012,0,5164120762332790528,55.81167657003,0.3505,-9.76018726494,0.3217,110.2170,0.4171,-92.806,0.764,743.335,0.839,0,1.05065e+09,3.56535e+06,3.134724,3.95009e+08,5.76989e+06,3.859871,6.64631e+08,6.68512e+06,2.705469,1.154402,,,4766.25,,,2.93,4.001
0.002140,59.7183081,-5.4699467,HD  25069,G9V,22.88,,,,,,0.12,13.01,15.77,Simbad,59.71831,-5.46995,59.7183079161000,-5.4699472656100,0.002,0.001,90,3245123980001812864,59.71810575575,0.0651,-5.47069792069,0.0492,21.2353,0.0904,-46.740,0.123,-174.346,0.095,0,1.14292e+08,1.04338e+05,5.543324,5.08341e+07,1.28568e+05,6.086000,8.53443e+07,1.93764e+05,4.933983,1.152017,38.59,0.13,4917.50,,,4.62,11.263
0.010601,63.8180006,-7.6528711,HD  26965,K1V,198.24,4.31,,-0.25,,37.1,0.19,51.55,26.41,Simbad,63.818,-7.65287,63.8179987150000,-7.6528733763000,0.007,0.006,90,3195919528988725120,63.80826664930,0.3363,-7.66760265960,0.2160,198.5657,0.5101,-2240.519,0.452,-3421.429,0.356,1,4.29066e+08,1.46034e+06,4.107055,1.93763e+08,5.36551e+05,4.633211,2.90960e+08,8.16041e+05,3.602336,1.030875,-42.62,0.42,5196.00,0.1603,0.0820,0.83,0.457
0.007421,64.1209531,-59.3021564,HD  27442,K2IV,54.84,3.3,,0.22,,54.96,0.13,10.34,12.42,Simbad,64.12095,-59.30216,64.1209550038000,-59.3021545821000,0.005,0.004,0,4678664766394767616,64.12054762982,0.1447,-59.30287705104,0.1585,54.7051,0.1620,-48.302,0.278,-167.799,0.297,0,4.46476e+08,1.30902e+06,4.063870,1.83369e+08,2.33460e+05,4.693071,3.25976e+08,1.00956e+06,3.478955,1.214116,29.03,0.52,4677.00,,,4.06,7.094
0.004501,66.329665,-44.1608969,HD  28246,F6V,27.0,,,,,,0.21,303.1,39.55,Simbad,66.32966,-44.1609,66.3296657926000,-44.1608957865000,0.001,0.001,0,4839165048546715648,66.32982921765,0.0249,-44.16060866898,0.0306,26.7624,0.0312,27.230,0.047,66.685,0.060,0,5.92386e+07,1.72382e+04,6.256855,3.45255e+07,6.50536e+04,6.506038,3.45801e+07,7.19431e+04,5.914856,0.591182,15.68,0.20,6556.21,0.2040,0.1010,1.39,3.199
0.000450,71.9012158,-16.9344561,HD  30495,G3V,75.1,4.3,,-0.13,,9.1,0.3,194.4,33.28,Simbad,71.90122,-16.93446,71.9012156698000,-16.9344560909000,0.002,0.002,0,2980492387558410112,71.90180173769,0.0498,-16.93372662439,0.0542,75.5213,0.0795,130.217,0.103,169.425,0.117,0,1.43926e+08,1.99936e+05,5.293017,7.53694e+07,1.52967e+05,5.658400,9.19412e+07,2.05390e+05,4.853144,0.805256,21.72,0.14,5867.00,0.0397,0.0275,0.96,0.992
0.017447,75.2041669,-5.7536753,HD  32147,K3V,113.46,4.57,,0.34,,47.4,0.3,24.55,16.19,Simbad,75.20417,-5.75368,75.2041630609000,-5.7536723172100,0.001,0.001,90,3211461469444773376,75.20654095340,0.0246,-5.75844504184,0.0231,113.0236,0.0324,549.481,0.050,-1108.460,0.046,0,8.46403e+07,4.84845e+04,5.869422,3.62831e+07,6.23892e+04,6.452127,6.66941e+07,5.51310e+04,5.201701,1.250426,21.38,0.14,4702.50,0.3110,0.1520,0.84,0.313
0.002815,81.7698464,-11.9009636,HD  35850,F7V:,37.26,4.4,,,,0.91,0.5,482.3,56.47,Simbad,81.76985,-11.90096,81.7698465382000,-11.9009628299000,0.001,0.001,0,3009908378049913216,81.76992160203,0.0227,-11.90117515710,0.0245,37.2061,0.0259,17.059,0.044,-49.315,0.048,0,6.35323e+07,4.74826e+04,6.180879,3.46853e+07,9.92097e+04,6.501023,4.00780e+07,7.99959e+04,5.754654,0.746369,20.61,0.51,6080.00,,,1.21,1.788
0.011535,82.8641525,-3.6772289,HD  36395,M1V,175.72,4.8,,0.6,<,7.85,2.44,20.12,6.7,Simbad,82.86415,-3.67723,82.8641493647000,-3.6772282088400,0.002,0.002,90,3209938366665770752,82.86743509254,0.0471,-3.68623703008,0.0385,175.4287,0.0672,761.548,0.119,-2092.322,0.097,0,2.72860e+07,1.97552e+04,7.098516,7.20762e+06,1.17755e+04,8.206908,2.96690e+07,8.30903e+04,6.081163,2.125745,8.26,0.14,3885.07,0.9693,0.4640,0.55,0.063
0.007589,81.9139644,-60.4159947,HD  36435,G5V,51.1,4.49,,-0.02,,11.2,0.44,149.4,28.75,Simbad,81.91396,-60.41599,81.9139681466000,-60.4159957111000,0.001,0.001,0,4759543295545939840,81.91267360627,0.0264,-60.41639755600,0.0305,51.3404,0.0303,-148.439,0.057,-93.330,0.065,0,3.63013e+07,1.80139e+04,6.788562,1.80326e+07,6.28714e+04,7.211243,2.50221e+07,9.65140e+04,6.266113,0.945130,14.23,0.13,5499.50,0.0780,0.0313,0.82,0.556
0.017948,84.2368942,-47.9646875,HD  37572,K0V,41.9,,,,,,0.79,211.05,36.38,Simbad,84.23689,-47.96469,84.2368877986000,-47.9646900462000,0.001,0.001,0,4795598309045006208,84.23703551400,0.0215,-47.96469492120,0.0254,40.6056,0.0255,22.972,0.049,-1.132,0.051,0,1.81453e+07,2.68123e+04,7.541458,8.76798e+06,4.90360e+04,7.994140,1.29217e+07,6.74339e+04,6.983625,1.010515,32.36,0.15,5343.00,0.0290,0.0145,0.79,0.453
0.177283,86.1105958,-22.4218806,HD  38392,K2V,,4.5,,0.02,,17.3,0.48,62.95,22.14,Simbad,86.1106,-22.42188,86.1105703820000,-22.4218373218000,0.001,0.000,0,2964001014514075520,86.10914951157,0.0150,-22.42335556279,0.0257,112.4005,0.0302,-305.065,0.031,-352.628,0.049,0,8.57329e+07,4.54301e+04,5.855497,3.84565e+07,7.51826e+04,6.388965,6.47968e+07,8.22926e+04,5.233036,1.155929,-9.73,0.14,4944.00,0.1153,0.0457,0.75,0.300
0.062496,86.1157933,-22.4483822,HD  38393,F7V,111.49,4.1,,-0.12,,13.22,0.16,188.15,39.16,Simbad,86.11579,-22.44838,86.1157771612000,-22.4483733183000,0.013,0.012,0,2964000159820118400,86.11443477236,0.3037,-22.44997192507,0.3536,112.6109,0.3162,-288.155,0.798,-371.288,0.829,1,8.47129e+08,3.10073e+06,3.368491,4.12610e+08,3.97131e+06,3.812539,4.75152e+08,1.11029e+06,3.069838,0.742701,,,6282.50,,,1.36,2.590
0.014756,87.1455861,-4.0946478,HD  38858,G4V,64.25,,,,,,0.16,102.85,32.39,Simbad,87.14559,-4.09465,87.1455839388000,-4.0946443137200,0.002,0.002,90,3023711269067191296,87.14584956819,0.0556,-4.09563224285,0.0540,65.5534,0.0621,61.537,0.113,-229.454,0.111,0,9.08710e+07,7.23818e+04,5.792302,4.76903e+07,1.92787e+05,6.155313,5.96365e+07,1.09265e+05,5.323141,0.832172,31.61,0.19,5717.00,0.0595,0.0315,0.93,0.838
0.009869,88.3640183,-43.5587025,HD  39917,G8V,5.13,,,,,4.48,0.54,158.1,47.64,Simbad,88.36402,-43.5587,88.3640173135000,-43.5586998535000,0.001,0.001,0,4803409475871194624,88.36399307092,0.0218,-43.55894060692,0.0289,5.3072,0.0265,-4.080,0.048,-55.917,0.058,0,1.64003e+07,3.03909e+04,7.651238,7.84607e+06,4.33034e+04,8.114759,1.18786e+07,6.40219e+04,7.075003,1.039755,,,5199.00,,,6.10,24.456
0.023534,91.1945008,-48.4583042,HD  41824,G6V,33.64,,,,,,0.57,260.3,44.3,Simbad,91.1945,-48.4583,91.1944963330000,-48.4582983725000,0.001,0.001,90,5554191685020871424,91.19383987985,0.0294,-48.45839608168,0.0251,32.5101,0.0285,-101.110,0.066,-22.693,0.060,0,2.93318e+07,3.05094e+04,7.020017,1.48172e+07,1.52331e+05,7.424473,2.10425e+07,2.02551e+05,6.454179,0.970295,35.24,5.25,5357.00,0.4010,0.2077,1.24,1.139
2.649144,91.1945008,-48.4583042,HD  41824,G6V,33.64,,,,,,0.57,260.3,44.3,Simbad,91.1945,-48.4583,91.1954670717000,-48.4586659885000,0.001,0.001,90,5554191685019290368,91.19470494847,0.0246,-48.45883408526,0.0235,32.4694,0.0247,-117.386,0.052,-39.041,0.049,0,2.06298e+07,9.57912e+03,7.402127,1.06985e+07,5.08776e+04,7.778079,1.46256e+07,1.96988e+05,6.849133,0.928947,14.25,0.17,5320.00,0.1740,0.0920,1.06,0.807
0.057295,92.6442308,-21.8646431,HD  42581,M1/M2V,173.19,,,,,7.74,1.66,9.72,4.73,Simbad,92.64423,-21.86464,92.6442302196000,-21.8646271938000,0.002,0.002,0,2940856402123426176,92.64359934092,0.0505,-21.86772330143,0.0515,173.6955,0.0457,-135.985,0.104,-719.088,0.152,1,2.25139e+07,1.27840e+04,7.307239,6.11042e+06,6.71626e+03,8.386210,2.41627e+07,3.03521e+04,6.304055,2.082155,4.02,0.16,3912.54,0.4330,0.2267,,
0.501134,94.3172406,5.1001119,HD  43587,G0.5Vb,51.76,,,-0.08,,20.0,0.15,100.4,32.81,Simbad,94.31724,5.10011,94.3172078996000,5.0999765602100,0.003,0.003,90,3317901165746471552,94.31629259349,0.0996,5.10069104987,0.0973,51.8027,0.1113,-211.744,0.194,165.945,0.174,0,1.14868e+08,1.48507e+05,5.537864,6.09129e+07,3.17270e+05,5.889615,7.30511e+07,3.14439e+05,5.102853,0.786762,8.93,0.27,5907.00,0.1620,0.0820,1.24,1.679
0.008334,96.3189411,-0.9458825,HD  45067,F8V,30.22,4.17,,-0.16,,8.0,0.14,125.2,32.46,Simbad,96.31894,-0.94588,96.3189433925000,-0.9458828244490,0.002,0.001,90,3118434397663311360,96.31997223741,0.0578,-0.94682304974,0.0693,30.1428,0.0818,238.925,0.106,-218.375,0.094,0,9.74255e+07,9.67014e+04,5.716684,5.33084e+07,9.80464e+04,6.034400,6.10032e+07,2.03015e+05,5.298538,0.735862,47.55,0.22,6058.75,1.1523,0.5510,1.86,4.180
0.005763,95.6289214,-60.2186525,HD  45270,G1V,42.56,,,,,,0.39,268.25,38.43,Simbad,95.62892,-60.21865,95.6289216759000,-60.2186509051000,0.001,0.001,90,5481848424118748672,95.62882110120,0.0241,-60.21837348853,0.0271,41.8592,0.0252,-11.602,0.056,64.432,0.051,0,5.44365e+07,4.31611e+04,6.348640,2.92815e+07,9.57171e+04,6.684906,3.50532e+07,1.32825e+05,5.900099,0.784807,31.43,0.21,5919.33,0.0470,0.0200,1.05,1.218
0.130543,99.5015131,-61.5333872,HD  48189,G1/G2V,46.15,,,,,,0.44,274.35,45.52,Simbad,99.50151,-61.53339,99.5015669961000,-61.5333616073000,0.012,0.011,90,5479778765278589568,99.50109742932,0.3238,-61.53306347697,0.2917,47.8065,0.2813,-51.983,0.800,69.243,0.679,0,7.08288e+07,2.18605e+05,6.062841,3.93370e+07,3.19653e+05,6.364386,4.82852e+07,4.54408e+05,5.552384,0.812001,,,5842.00,0.1400,0.0545,1.08,1.219
0.010241,105.0751514,-5.3671619,HD  52265,G0III-IV,35.63,4.29,,0.21,,9.42,0.16,130.1,36.05,Simbad,105.07515,-5.36716,105.0751488130000,-5.3671606916900,0.001,0.001,0,3101382419728401408,105.07464490339,0.0371,-5.36681423643,0.0378,33.3264,0.0467,-116.524,0.071,80.467,0.073,0,6.55742e+07,2.62130e+04,6.146533,3.60748e+07,8.71491e+04,6.458377,4.08865e+07,8.44125e+04,5.732969,0.725408,53.92,0.17,6123.00,0.2790,0.1490,1.35,2.297
0.003777,106.9710389,-34.8333986,HD  54579,G0V,16.95,,,,,,0.47,337.3,59.99,Simbad,106.97104,-34.8334,106.9710390160000,-34.8333975553000,0.001,0.001,0,5602585727248347392,106.97098497601,0.0243,-34.83275824982,0.0309,15.4692,0.0330,-10.302,0.053,148.484,0.064,0,1.25368e+07,5.98462e+04,7.942901,6.81597e+06,9.90185e+04,8.267569,8.10313e+06,1.14994e+05,7.490288,0.777281,,,5773.00,0.3660,0.1935,1.44,2.070
0.008247,112.67713,-37.3393608,HD  59967,G3V,45.93,,,,,10.26,0.38,232.15,36.44,Simbad,112.67713,-37.33936,112.6771322010000,-37.3393622781000,0.001,0.001,0,5586381090520538880,112.67666049269,0.0211,-37.33913517189,0.0267,45.9339,0.0272,-87.105,0.046,52.747,0.053,0,4.76348e+07,2.82629e+04,6.493554,2.51794e+07,7.30941e+04,6.848775,3.12260e+07,1.55563e+05,6.025631,0.823144,9.37,0.18,5806.00,0.0540,0.0218,0.93,0.890
0.004668,131.9182892,-41.7367922,HD  75289,G0Ia0:,34.55,4.51,,0.28,,,0.15,118.45,33.25,Simbad,131.91829,-41.73679,131.9182898480000,-41.7367934032000,0.001,0.001,0,5524982093479504384,131.91817151127,0.0245,-41.73777483953,0.0271,34.3167,0.0281,-20.509,0.051,-227.945,0.054,0,6.21236e+07,1.77184e+04,6.205224,3.41304e+07,7.65872e+04,6.518534,3.86795e+07,8.35098e+04,5.793219,0.725315,9.35,0.15,6107.00,0.2690,0.1450,1.28,2.053
0.014643,142.4784356,5.6551344,HD  82106,K3V,78.87,,,,,13.3,0.32,32.57,17.93,Simbad,142.47844,5.65513,142.4784394770000,5.6551331129500,0.001,0.001,90,3852570413083923072,142.47626348724,0.0468,5.65559876193,0.0402,78.2290,0.0473,-502.932,0.090,108.150,0.074,0,3.35049e+07,1.53882e+04,6.875596,1.46003e+07,2.59186e+04,7.440481,2.59521e+07,1.26782e+05,6.226489,1.213993,29.71,0.27,4749.17,0.1630,0.0790,0.75,0.255
0.006906,163.6233481,-61.8266222,HD  94683,K4III,1.96,,,,,,0.37,0.1,0.26,Simbad,163.62335,-61.82662,163.6233460560000,-61.8266205418000,0.002,0.002,90,5241863999774969984,163.62338116597,0.0749,-61.82663584919,0.0722,1.6609,0.0940,3.850,0.147,-3.555,0.126,0,1.64428e+08,3.04677e+05,5.148424,4.50115e+07,1.02566e+05,6.218080,1.61438e+08,2.95325e+05,4.241909,1.976171,-2.53,0.28,3983.33,0.7290,0.3737,132.24,3966.226
0.743434,167.8880094,-14.9913878,HD  97233,K4V,44.0,,,,,7.6,0.7,21.62,13.71,Simbad,167.88801,-14.99139,167.8882210040000,-14.9913583732000,0.014,0.011,90,3562962623740696576,167.89121089008,0.5311,-14.99394854098,0.3695,45.4075,0.5798,670.796,0.919,-601.588,0.685,0,7.28451e+06,5.49749e+03,8.532365,2.69821e+06,3.66850e+03,9.273700,6.58297e+06,7.63015e+03,7.715866,1.557834,-11.83,1.12,4351.37,0.9770,0.4770,0.77,0.191
0.026554,175.2602944,-44.4051892,HD 101581,K5V,79.91,,,,,,0.49,29.16,17.98,Simbad,175.26029,-44.40519,175.2602840880000,-44.4051895641000,0.004,0.002,90,5378886891122066560,175.25630385672,0.0806,-44.40414853659,0.0427,78.2300,0.0694,-660.418,0.233,241.799,0.117,1,2.09774e+07,5.42709e+03,7.383985,8.72131e+06,9.78472e+03,7.999934,1.71545e+07,2.71700e+04,6.675975,1.323959,13.53,0.18,4658.31,0.1083,0.0540,0.62,0.164
0.285624,178.0870842,9.9481436,HD 103112,K0,12.39,,,,,,0.15,13.17,14.55,Simbad,178.08708,9.94814,178.0870864340000,9.9480642906400,0.005,0.004,90,3912341892394520576,178.08560356020,0.2022,9.94860425025,0.1518,8.9012,0.2924,-339.231,0.315,125.409,0.275,0,2.26955e+07,5.57965e+03,7.298518,1.01142e+07,1.49503e+04,7.839057,1.73973e+07,3.77605e+04,6.660714,1.178343,10.10,0.65,4850.44,,,5.10,12.945
0.124412,181.5541731,-38.6756672,HD 105115,K2/K3V,2.85,,,,,,0.15,1.49,3.77,Simbad,181.55417,-38.67567,181.5541314080000,-38.6756788141000,0.001,0.000,90,3459561320450613504,181.55400727808,0.0227,-38.67572136726,0.0171,3.0728,0.0289,-22.508,0.045,-9.883,0.029,0,5.20245e+07,1.35197e+04,6.397845,1.88073e+07,3.45377e+04,7.165573,4.66948e+07,4.72836e+04,5.588749,1.576824,14.51,0.80,4217.97,0.5630,0.2797,33.44,318.810
0.066471,198.0822611,17.5171231,HD 114762,F9V,24.65,4.1,,-0.82,,52.16,0.16,145.95,39.76,Simbad,198.08226,17.51712,198.0822781130000,17.5171142848000,0.011,0.004,90,3937211745904553600,198.07963101937,0.1465,17.51712401804,0.0481,24.8556,0.2743,-586.287,0.705,2.257,0.242,1,2.62740e+07,7.06753e+03,7.139552,1.44561e+07,2.26733e+04,7.451261,1.66447e+07,3.81301e+04,6.708732,0.742529,49.98,0.24,5945.50,0.0667,0.0360,1.22,1.665
0.019935,202.1075392,13.7787872,HD 117176,G5V,55.22,3.83,,-0.11,,,0.1,38.85,28.15,Simbad,202.10754,13.77879,202.1075341230000,13.7787897197000,0.006,0.004,90,3740176925743650688,202.10648984058,0.1370,13.77630849226,0.1386,55.8347,0.1730,-235.562,0.365,-576.283,0.238,1,2.46524e+08,7.24489e+05,4.708720,1.19208e+08,1.52768e+05,5.160622,1.58004e+08,4.38736e+05,4.265247,0.895375,5.05,0.17,6245.00,,,1.50,3.068
0.009220,203.6800239,-8.3420369,HD 118100,K7V,50.54,4.5,,-0.15,,3.9,3.68,118.55,25.63,Simbad,203.68002,-8.34204,203.6800263950000,-8.3420375816700,0.002,0.001,90,3630092241022731136,203.67877932730,0.0535,-8.34243311947,0.0393,48.7322,0.0587,-286.577,0.110,-91.866,0.083,0,6.18347e+06,7.03499e+03,8.710286,2.36060e+06,8.73274e+03,9.418835,5.44022e+06,1.83314e+04,7.922880,1.495955,-23.16,0.16,4433.15,0.1767,0.0920,0.62,0.136
0.029608,206.0038494,-61.36643,HD 119285,K1Vp,13.13,,,,,12.03,0.51,34.76,21.57,Simbad,206.00385,-61.36643,206.0038366320000,-61.3664354962000,0.001,0.001,0,5865871998528696576,206.00402593307,0.0268,-61.36637609647,0.0303,13.5031,0.0434,21.069,0.042,13.796,0.056,1,2.14121e+07,4.49237e+04,7.361717,8.79853e+06,6.07641e+04,7.990363,1.79881e+07,1.11635e+05,6.624456,1.365907,100.37,2.26,4720.72,,,3.51,5.507
0.016784,206.4324025,14.8915197,HD 119850,M3V,184.13,,,,,8.6,0.57,5.45,5.81,Simbad,206.4324,14.89152,206.4323977200000,14.8915203321000,0.001,0.001,90,3741297293732404352,206.44031057508,0.0396,14.88525480707,0.0326,183.9836,0.0509,1776.019,0.094,-1455.184,0.065,0,1.70861e+07,1.00481e+04,7.606756,4.57971e+06,1.19159e+04,8.699294,1.86323e+07,4.22364e+04,6.586255,2.113040,15.56,0.15,4000.27,0.2377,0.1480,,
0.110441,206.8155956,17.4569061,HD 120136,F7V,64.12,4.18,,0.32,,4.0,0.19,203.95,36.65,Simbad,206.8156,17.45691,206.8155711730000,17.4568861459000,0.011,0.008,90,1244571953471006720,206.81345933246,0.2587,17.45716469917,0.2449,63.8638,0.3414,-467.909,0.709,64.695,0.541,0,3.60937e+08,1.54358e+06,4.294787,1.94953e+08,3.06298e+05,4.626565,2.04236e+08,5.32614e+05,3.986591,0.639974,-16.94,0.35,6420.00,0.3980,0.1650,1.50,3.425
0.005796,210.2632844,-2.6548636,HD 122303,K5,98.26,,,,,,0.97,8.11,6.99,Simbad,210.26328,-2.65486,210.2632839740000,-2.6548651526800,0.003,0.002,0,3657653114880309248,210.25972638913,0.0601,-2.65229005613,0.0688,96.0398,0.0872,-825.424,0.154,598.112,0.180,0,5.39291e+06,6.73090e+03,8.858808,1.43237e+06,6.00899e+03,9.961247,5.86116e+06,1.42666e+04,7.841961,2.119285,-26.32,0.28,3990.82,0.2498,0.1085,,
0.015232,212.6719194,-47.7689925,HD 123732,G0V,15.88,,,,,,0.44,334.85,62.73,Simbad,212.67192,-47.76899,212.6719192990000,-47.7689967307000,0.002,0.001,0,6092654792945508096,212.67135546386,0.0319,-47.76905047938,0.0435,15.7403,0.0540,-88.018,0.087,-12.483,0.097,0,2.00350e+07,5.92271e+04,7.433892,1.09109e+07,9.99778e+04,7.756741,1.27379e+07,1.22413e+05,6.999173,0.757567,,,5940.50,,,1.68,3.166
0.005519,214.770145,-59.3790369,HD 125072,K3V,84.5,4.5,,0.26,,,0.27,20.42,17.49,Simbad,214.77014,-59.37904,214.7701422360000,-59.3790375076000,0.001,0.001,90,5866992641380992256,214.76629713475,0.0254,-59.38252811753,0.0266,84.4535,0.0349,-454.895,0.077,-810.729,0.076,0,5.49173e+07,1.46295e+04,6.339093,2.42669e+07,3.92880e+04,6.888854,4.22359e+07,1.22526e+05,5.697715,1.191139,-18.49,0.13,4857.55,0.2320,0.1145,0.83,0.347
3.991932,214.770145,-59.3790369,HD 125072,K3V,84.5,4.5,,0.26,,,0.27,20.42,17.49,Simbad,214.77014,-59.37904,214.7684571180000,-59.3783365886000,0.002,0.002,90,5866992641366851072,214.76845711813,1.8966,-59.37833658862,1.8733,,,,,,,0,1.25867e+02,2.63092e+00,20.438590,,,,,,,,,,,,,,
4.530336,214.770145,-59.3790369,HD 125072,K3V,84.5,4.5,,0.26,,,0.27,20.42,17.49,Simbad,214.77014,-59.37904,214.7708212530000,-59.3802472690000,0.002,0.001,0,5866992641367408768,214.77082125342,0.9602,-59.38024726901,2.3173,,,,,,,1,8.69602e+02,5.92608e+00,18.340065,6.66349e+02,1.11467e+02,18.292135,1.99099e+03,1.46487e+02,16.514246,1.777889,,,,,,,
2.200340,219.9020631,-60.8339744,HD 128620,G2V,742.12,4.31,,0.22,,29.0,0.15,71.6,27.31,Simbad,219.90206,-60.83397,219.9025426460000,-60.8334096397000,0.000,0.000,0,5877748648286736896,219.90254264625,0.3745,-60.83340963966,0.4262,,,,,,,0,1.77975e+03,3.49422e+01,17.562468,,,,,,,,,,,,,,
4.761158,219.9020631,-60.8339744,HD 128620,G2V,742.12,4.31,,0.22,,29.0,0.15,71.6,27.31,Simbad,219.90206,-60.83397,219.9019365790000,-60.8326532943000,0.005,0.005,0,5877748648286736640,219.90189298237,0.2044,-60.83266226641,0.1156,0.8212,0.2132,-4.935,0.290,-2.084,0.339,0,4.49191e+03,5.84066e+01,16.557290,1.01641e+04,6.78162e+02,15.333711,9.14305e+03,4.48510e+02,14.859192,0.474519,,,5095.63,,,,
0.008362,222.56588,23.9118442,HD 130948,G2V,55.73,4.18,,-0.2,,6.4,0.3,205.7,37.34,Simbad,222.56588,23.91184,222.5658782040000,23.9118425567000,0.002,0.002,0,1265976524286377856,222.56655915906,0.0408,23.91197917625,0.0624,54.9068,0.0684,144.583,0.109,31.731,0.132,0,9.75442e+07,8.42930e+04,5.715363,5.26458e+07,2.42079e+05,6.047978,6.19057e+07,1.17900e+05,5.282594,0.765384,-2.51,0.23,6013.33,0.0770,0.0480,1.04,1.263
0.022574,224.366665,-21.415475,HD 131977,K4V,169.32,4.58,,0.03,,44.6,0.51,33.0,19.37,Simbad,224.36666,-21.41547,224.3666700420000,-21.4154791575000,0.003,0.002,90,6232511606838403968,224.37144047961,0.0822,-21.42290103995,0.0592,170.0112,0.0851,1031.401,0.169,-1723.652,0.133,0,1.38963e+08,2.10127e+05,5.331117,5.58104e+07,1.54404e+05,5.984601,1.09259e+08,4.83719e+05,4.665776,1.318825,26.81,0.13,4561.75,0.3210,0.1577,0.78,0.238
0.121776,241.4186308,-20.45006,HD 144253,K3/K4V,53.93,,,-0.03,,,0.24,19.72,19.38,Simbad,241.41863,-20.45006,241.4186437920000,-20.4500284398000,0.008,0.006,90,6244076338858859776,241.42002230772,0.2146,-20.45154234962,0.1498,53.6064,0.2409,299.993,0.541,-351.617,0.360,0,2.88585e+07,5.31677e+03,7.037682,1.22908e+07,1.06716e+04,7.627435,2.32414e+07,2.48803e+04,6.346265,1.281170,,,4704.00,0.6950,0.3400,1.04,0.473
0.008141,243.9052931,-8.3694417,HD 146233,G1V,71.3,4.49,,0.05,,23.7,0.17,95.0,31.49,Simbad,243.90529,-8.36944,243.9052932170000,-8.3694394414700,0.003,0.002,90,4345775217221821312,243.90630356206,0.0961,-8.37157230610,0.0676,70.7675,0.1119,232.159,0.181,-495.368,0.147,0,1.42663e+08,2.34681e+05,5.302589,7.42566e+07,1.59353e+05,5.674550,9.08220e+07,2.91539e+05,4.866443,0.808107,11.90,0.13,5850.33,0.0890,0.0530,1.03,1.120
0.010238,246.0053744,-39.1929803,HD 147513,G3/G5V,77.69,4.52,,0.03,,8.5,0.32,193.3,34.96,Simbad,246.00537,-39.19298,246.0053774880000,-39.1929818365000,0.005,0.003,90,6018047019138644480,246.00578940005,0.1362,-39.19296605416,0.1005,77.4716,0.1391,74.146,0.306,3.666,0.226,0,1.57700e+08,2.90774e+05,5.193786,8.22112e+07,2.80964e+05,5.564060,9.87929e+07,6.50393e+05,4.775105,0.788955,12.89,0.13,5882.50,0.0680,0.0410,0.98,1.032
0.005009,250.2842289,-2.8572772,HD 150433,G0,33.84,,,,,,0.17,104.85,34.12,Simbad,250.28423,-2.85728,250.2842282570000,-2.8572784343400,0.001,0.001,90,4354950641755249024,250.28411268401,0.0318,-2.85919306000,0.0194,32.8259,0.0367,-26.810,0.069,-444.697,0.042,0,2.87683e+07,3.90264e+03,7.041080,1.52325e+07,1.13336e+04,7.394459,1.89834e+07,1.81731e+04,6.565983,0.828476,-40.07,0.14,5748.60,0.1260,0.0510,1.04,1.056
0.005122,252.7394914,-36.7553022,HD 151770,G3/G5V,7.45,,,,,,0.62,313.4,61.08,Simbad,252.73949,-36.7553,252.7394905610000,-36.7553009459000,0.002,0.001,90,5971703085067765376,252.73950570835,0.0546,-36.75563041505,0.0432,8.5953,0.0567,2.819,0.108,-76.522,0.072,1,1.03567e+07,8.07016e+03,8.150310,5.24998e+06,9.93337e+03,8.550995,7.19469e+06,1.23644e+04,7.619389,0.931606,,,5398.50,,,2.74,5.725
0.000813,253.2450108,-0.0264211,HD 152391,G8V,59.04,,,,,11.43,0.41,147.1,32.02,Simbad,253.24501,-0.02642,253.2450105950000,-0.0264211943524,0.001,0.001,90,4381250547575102208,253.24194562894,0.0294,-0.03281040035,0.0202,59.5382,0.0328,-711.833,0.060,-1483.882,0.039,0,5.06484e+07,3.33935e+04,6.426951,2.55364e+07,7.90210e+04,6.833489,3.49431e+07,9.45151e+04,5.903517,0.929972,44.68,0.15,5460.50,0.0813,0.0318,0.85,0.579
0.005303,259.0556775,-26.5461467,HD 156026,K5V,167.56,4.67,,-0.21,,18.5,0.76,29.45,15.07,Simbad,259.05568,-26.54615,259.0556780730000,-26.5461480810000,0.002,0.001,90,4109034455276324608,259.05336857342,0.0561,-26.55098988911,0.0437,168.0689,0.0758,-479.850,0.101,-1124.545,0.068,0,8.44587e+07,5.67509e+04,5.871755,3.30311e+07,7.21102e+04,6.554081,6.98998e+07,5.27300e+05,5.150731,1.403350,-0.04,0.22,4479.53,0.1660,0.1192,0.65,0.153
0.011710,259.7427006,-32.9654994,HD 156425,K4V:,,,,-0.2,,,0.41,5.79,13.33,Simbad,259.7427,-32.9655,259.7426967270000,-32.9654995434000,0.002,0.001,90,5979413444740921600,259.74270944002,0.0765,-32.96550706582,0.0468,0.9010,0.0893,2.477,0.114,-1.747,0.076,0,3.15388e+07,2.33970e+04,6.941252,7.80161e+06,1.63594e+04,8.120927,3.44621e+07,2.35426e+05,5.918566,2.202361,-3.47,0.23,3828.18,0.7972,0.4520,121.81,2870.850
0.005283,261.4384669,2.1114222,HD 157881,K7V,129.54,4.7,,-0.2,,7.29,0.78,8.44,8.12,Simbad,261.43847,2.11142,261.4384679350000,2.1114232411400,0.001,0.001,90,4375233191015944192,261.43596812399,0.0215,2.10632234022,0.0210,129.6231,0.0286,-580.207,0.054,-1184.726,0.047,0,3.19694e+07,1.22534e+04,6.926529,1.07563e+07,1.61904e+04,7.772230,3.03420e+07,3.44077e+04,6.056808,1.715422,,,4077.08,0.6810,0.2945,0.69,0.120
0.361321,262.5991569,-1.0629217,HD 158614,G8IV-V,60.8,4.04,,-0.05,,34.0,0.22,66.25,27.97,Simbad,262.59916,-1.06292,262.5991662390000,-1.0630216316200,0.031,0.029,90,4373199682919087616,262.59857062829,1.0336,-1.06364343926,1.0623,60.7132,1.2056,-138.312,1.972,-144.420,1.884,0,9.01338e+07,2.56509e+06,5.801146,8.49488e+07,4.56526e+05,5.528494,1.12389e+08,9.18507e+05,4.635108,0.893386,,,5095.63,,,,
1.384730,262.5991569,-1.0629217,HD 158614,G8IV-V,60.8,4.04,,-0.05,,34.0,0.22,66.25,27.97,Simbad,262.59916,-1.06292,262.5989715360000,-1.0625846460700,0.018,0.017,90,4373199678620639744,262.59845220089,0.6400,-1.06348252228,0.5986,58.5010,0.7561,-120.599,1.159,-208.539,1.084,0,9.19838e+07,8.26489e+05,5.779088,8.58764e+07,1.59348e+05,5.516704,1.09233e+08,7.13343e+05,4.666038,0.850667,,,5095.63,,,,
0.007212,266.0362619,-51.8340531,HD 160691,G5V,65.46,4.2,,0.2,,14.04,0.14,63.5,28.82,Simbad,266.03626,-51.83405,266.0362651420000,-51.8340530770000,0.003,0.002,90,5945941905576552064,266.03615846609,0.1004,-51.83487508012,0.0899,64.0817,0.1202,-15.310,0.168,-190.919,0.152,0,2.05838e+08,3.87494e+05,4.904553,1.03626e+08,1.69818e+05,5.312713,1.30962e+08,7.00793e+05,4.469053,0.843660,-9.29,0.13,5804.50,0.4480,0.2388,1.39,1.976
0.009866,271.5988306,-36.0197886,HD 165185,G3V,57.58,4.49,,-0.06,,5.9,0.3,197.75,36.55,Simbad,271.59883,-36.01979,271.5988296810000,-36.0197859621000,0.002,0.002,90,4038724053986441856,271.59939567299,0.0728,-36.01974826125,0.0900,58.1258,0.1151,106.324,0.139,8.757,0.122,0,9.12042e+07,1.10796e+05,5.788329,4.90115e+07,1.34797e+05,6.125644,5.84159e+07,2.13560e+05,5.345593,0.780052,15.31,0.21,5922.00,0.0890,0.0430,0.98,1.058
0.015723,279.7225019,-21.0518711,HD 172051,G5V,77.02,,,,,,0.17,92.6,31.32,Simbad,279.7225,-21.05187,279.7225062770000,-21.0518726443000,0.003,0.002,90,4079684229322231040,279.72215967461,0.0771,-21.05253417163,0.0795,76.6355,0.1082,-75.128,0.163,-153.645,0.150,0,1.02475e+08,1.60081e+05,5.661817,5.27568e+07,2.76405e+05,6.045692,6.59519e+07,3.66184e+05,5.213851,0.831841,37.14,0.20,5883.67,0.0840,0.0400,0.80,0.685
0.006522,282.1386658,-50.7033072,HD 173560,G3V,11.65,,,,,,0.19,109.75,33.41,Simbad,282.13867,-50.70331,282.1386635430000,-50.7033060866000,0.002,0.002,90,6655126046485479040,282.13862313023,0.0587,-50.70420804335,0.0695,12.0904,0.0663,-5.945,0.116,-209.487,0.115,1,7.32333e+06,3.68167e+03,8.526594,3.88088e+06,1.00356e+04,8.879062,4.82189e+06,1.81908e+04,8.053878,0.825184,-7.49,0.38,5741.50,0.3587,0.1545,1.42,1.983
0.098838,287.2103744,-42.4281039,HD 177996,K1V,31.48,,,,,,0.64,133.05,34.16,Simbad,287.21037,-42.4281,287.2103447780000,-42.4281205048000,0.006,0.005,90,6714027605939931520,287.21050281929,0.2117,-42.42862697775,0.2218,27.9209,0.2833,27.094,0.404,-117.632,0.345,0,1.66962e+07,1.58856e+04,7.631824,7.84885e+06,2.96002e+04,8.114373,1.22517e+07,2.99039e+04,7.041431,1.072943,,,5102.01,0.7810,0.3812,1.22,0.915
0.015969,289.2302369,5.1689039,HD 180617,M3.5V,170.26,,,,,16.8,1.08,10.03,7.8,Simbad,289.23024,5.1689,289.2302355210000,5.1688996822600,0.001,0.001,90,4293318823182081408,289.22773223879,0.0402,5.16316148752,0.0394,169.1590,0.0520,-579.043,0.088,-1332.743,0.081,0,1.08720e+07,1.09162e+04,8.097597,2.45676e+06,5.47256e+03,9.375483,1.28002e+07,2.51290e+04,6.993879,2.381603,35.55,0.16,4117.67,0.5265,0.2977,,
2.156790,289.2302369,5.1689039,HD 180617,M3.5V,170.26,,,,,16.8,1.08,10.03,7.8,Simbad,289.23024,5.1689,289.2308013620000,5.1686967773800,0.046,0.042,90,4293318823169080704,289.23078623236,1.5527,5.16868057325,1.4093,-1.0076,1.5476,-3.500,2.967,-3.764,2.703,0,1.04943e+02,1.21020e+00,20.635979,,,,,,,,,,,,,,
3.230555,289.2302369,5.1689039,HD 180617,M3.5V,170.26,,,,,16.8,1.08,10.03,7.8,Simbad,289.23024,5.1689,289.2293360220000,5.1689209558500,0.018,0.017,90,4293318823166695424,289.22932355444,0.5502,5.16888719752,0.5110,0.2177,0.5397,-2.884,1.186,-7.841,1.082,0,2.00562e+02,1.14072e+00,19.932745,1.02213e+02,9.27999e+00,20.327623,2.73720e+02,1.18288e+01,18.668653,1.658970,,,,,,,
4.103933,289.2302369,5.1689039,HD 180617,M3.5V,170.26,,,,,16.8,1.08,10.03,7.8,Simbad,289.23024,5.1689,289.2300413580000,5.1677806764400,0.028,0.025,90,4293318823166684416,289.23003999200,0.8259,5.16774956604,0.7632,-0.1267,1.0427,-0.316,1.825,-7.226,1.586,0,1.35799e+02,1.29655e+00,20.356127,1.03902e+02,1.48218e+01,20.309824,2.82148e+02,4.39420e+01,18.635727,1.674097,,,,,,,
4.325597,289.2302369,5.1689039,HD 180617,M3.5V,170.26,,,,,16.8,1.08,10.03,7.8,Simbad,289.23024,5.1689,289.2314185590000,5.1686615200500,0.028,0.024,90,4293318823182082944,289.23139552801,0.7377,5.16862412643,0.5675,0.3151,0.7097,-5.327,1.803,-8.685,1.571,1,2.03317e+02,1.54444e+00,19.917930,9.08935e+01,6.66779e+00,20.455055,2.92109e+02,2.42989e+01,18.598057,1.856998,,,,,,,
4.490330,289.2302369,5.1689039,HD 180617,M3.5V,170.26,,,,,16.8,1.08,10.03,7.8,Simbad,289.23024,5.1689,289.2295961860000,5.1699756324200,0.002,0.002,90,4293318823166701312,289.22959618601,2.0879,5.16997563242,1.9044,,,,,,,0,9.96768e+01,1.22425e+00,20.691880,,,,,,,,,,,,,,
0.015608,298.0143239,11.6283286,HD 187923,G0V,36.15,3.97,,-0.2,<,3.72,0.14,85.0,35.15,Simbad,298.01432,11.62833,298.0143271950000,11.6283257045000,0.001,0.001,90,4303735493232528640,298.01281425418,0.0319,11.62688505425,0.0264,37.0427,0.0529,-344.185,0.069,-334.608,0.053,0,7.64113e+07,2.79911e+04,5.980471,4.02316e+07,6.38162e+04,6.339969,5.00711e+07,9.89102e+04,5.512953,0.827016,-20.45,0.16,5726.00,0.5220,0.2545,1.51,2.206
0.009860,298.57394,-23.9410706,HD 188088,K3/K4V,70.34,,,,,16.5,0.59,56.35,19.15,Simbad,298.57394,-23.94107,298.5739386580000,-23.9410730490000,0.001,0.001,90,6863535898551993472,298.57335226908,0.0335,-23.94284022191,0.0227,70.8873,0.0399,-124.476,0.067,-410.440,0.043,0,8.31064e+07,6.86015e+04,5.889279,3.65466e+07,8.73969e+04,6.444271,6.40124e+07,1.41133e+05,5.246260,1.198011,,,4782.00,0.8372,0.4200,1.27,0.762
0.003762,301.3865192,-67.3208969,HD 189567,G2V,56.45,4.1,,-0.3,,,0.17,94.0,32.6,Simbad,301.38652,-67.3209,301.3865219090000,-67.3208969335000,0.001,0.001,0,6427244702486210816,301.39596158584,0.0207,-67.32379924947,0.0325,55.8197,0.0381,845.346,0.043,-674.028,0.061,0,8.23527e+07,3.37767e+04,5.899171,4.35420e+07,5.69704e+04,6.254118,5.39754e+07,8.38467e+04,5.431431,0.822687,-10.61,0.15,5796.33,0.1283,0.0625,1.01,1.043
0.005641,310.1880881,19.9355364,HD 197076,G5V,47.65,,,,,13.21,0.16,90.6,34.66,Simbad,310.18809,19.93554,310.1880866100000,19.9355356977000,0.001,0.001,90,1814241194252808704,310.18863005162,0.0255,19.93688049840,0.0282,47.8500,0.0361,118.655,0.048,312.341,0.047,0,5.86065e+07,1.39359e+04,6.268501,3.14053e+07,3.49179e+04,6.608882,3.78615e+07,9.74622e+04,5.816426,0.792456,-35.29,0.16,5883.95,0.0468,0.0340,0.96,1.005
0.039659,310.8166594,-29.4239086,HD 197214,G3/G5V,44.57,,,,,,0.19,108.05,30.37,Simbad,310.81666,-29.42391,310.8166548100000,-29.4239188653000,0.004,0.004,90,6795261758382370560,310.81645155260,0.1412,-29.42477433413,0.1084,45.7423,0.1677,-41.119,0.253,-198.689,0.227,0,3.67662e+07,5.66466e+03,6.774745,1.91912e+07,1.55581e+04,7.143635,2.44816e+07,4.58075e+04,6.289821,0.853815,-20.04,0.83,5649.33,0.0757,0.0427,0.87,0.700
0.010063,319.6136239,-43.3346492,HD 202628,G5V,42.04,4.52,,-0.14,,,0.24,158.0,32.41,Simbad,319.61362,-43.33465,319.6136221820000,-43.3346517005000,0.001,0.001,90,6577318075351824512,319.61505582366,0.0341,-43.33455856542,0.0284,41.9622,0.0455,242.190,0.068,21.633,0.060,0,4.38874e+07,1.08482e+04,6.582517,2.32837e+07,3.92538e+04,6.933757,2.86027e+07,6.68009e+04,6.120902,0.812855,11.96,0.16,5836.75,0.0250,0.0207,0.97,0.981
0.017369,320.2081514,-53.0342067,HD 202917,G5V,21.81,,,,,,0.68,358.35,51.16,Simbad,320.20815,-53.03421,320.2081564390000,-53.0342104544000,0.001,0.001,90,6463782435948431616,320.20838172535,0.0253,-53.03462141133,0.0295,21.3452,0.0389,31.465,0.061,-95.448,0.060,1,7.58781e+06,6.09303e+03,8.488074,3.87107e+06,1.23274e+04,8.881812,5.22417e+06,1.72727e+04,7.966878,0.914935,,,5506.49,0.0693,0.0330,0.90,0.672
0.015742,320.2119239,-45.8108769,HD 202996,G0V,18.76,,,,,,0.26,203.65,38.26,Simbad,320.21192,-45.81088,320.2119177350000,-45.8108760898000,0.001,0.001,0,6576428673523917696,320.21131289112,0.0372,-45.81089276256,0.0367,19.1245,0.0508,-97.918,0.072,-3.872,0.080,0,2.27749e+07,7.11252e+03,7.294726,1.22916e+07,1.65170e+04,7.627368,1.47028e+07,2.06854e+04,6.843416,0.783952,7.10,11.33,5879.67,0.6257,0.3073,1.51,2.445
0.008996,320.1941394,-38.7814414,HD 203019,G5V,27.49,,,,,,0.49,253.25,34.4,Simbad,320.19414,-38.78144,320.1941366140000,-38.7814426352000,0.001,0.001,0,6583320721643225472,320.19400505429,0.0441,-38.78123068494,0.0409,27.4388,0.0566,-23.819,0.072,49.227,0.084,1,1.60508e+07,5.27972e+03,7.674625,8.35308e+06,1.16982e+04,8.046772,1.07995e+07,1.37614e+04,7.178411,0.868362,24.23,0.16,5675.25,0.1450,0.0653,0.95,0.848
0.743178,321.1693419,-68.2278336,HD 203244,G5V,48.86,4.49,,-0.21,,,0.4,183.3,33.63,Simbad,321.16934,-68.22783,321.1688420660000,-68.2279244014000,0.008,0.008,0,6399747669021004928,321.17094531786,0.2488,-68.22710739419,0.2689,48.0625,0.3420,181.189,0.514,189.757,0.539,0,3.65187e+07,1.50266e+04,6.782078,1.85431e+07,4.83146e+04,7.180931,2.49544e+07,5.79518e+04,6.269051,0.911880,14.82,1.39,5519.50,0.0210,0.0090,0.87,0.637
0.033244,330.8402381,-56.7859761,HD 209100,K5V,275.76,4.5,,-0.23,,22.0,0.44,31.67,16.02,Simbad,330.84024,-56.78598,330.8402259560000,-56.7859825051000,0.006,0.006,0,6412595290592307840,330.87140210170,0.1776,-56.79690231183,0.1880,274.8048,0.2494,3967.039,0.380,-2535.758,0.415,0,3.68155e+08,1.80767e+06,4.273290,1.48492e+08,1.02986e+05,4.922129,2.81413e+08,4.70256e+05,3.638560,1.283568,-40.50,0.23,4585.00,0.2892,0.1305,0.78,0.239
0.196515,336.2349606,-57.7974153,HD 212330,F9V,48.81,4.0,,-0.04,<,21.05,0.14,72.75,29.99,Simbad,336.23496,-57.79742,336.2348836320000,-57.7974513188000,0.003,0.003,0,6408551797924824320,336.23591668041,0.0793,-57.79897326436,0.0889,48.8901,0.1153,127.863,0.161,-353.479,0.218,1,1.69612e+08,3.06684e+05,5.114725,8.67573e+07,1.60337e+05,5.505623,1.09999e+08,6.65216e+05,4.658446,0.847178,14.39,0.20,5722.33,1.0500,0.5463,1.71,2.812
0.008701,337.75153,-49.4332703,HD 213240,G4IV,24.54,,,,,,0.18,132.65,33.91,Simbad,337.75153,-49.43327,337.7515271510000,-49.4332687481000,0.001,0.001,0,6517058790835773440,337.75062658686,0.0262,-49.43410371257,0.0279,24.4385,0.0372,-136.026,0.047,-193.926,0.052,0,4.09547e+07,8.63813e+03,6.657605,2.21066e+07,2.82364e+04,6.990081,2.62586e+07,7.95313e+04,6.213739,0.776342,-0.52,0.18,5921.00,0.7110,0.3540,1.56,2.687
0.003893,339.0320975,-54.6106211,HD 213941,G5V,30.98,,,-0.42,,,0.19,124.1,29.15,Simbad,339.0321,-54.61062,339.0320971570000,-54.6106200372000,0.001,0.001,0,6506893771477045888,339.03478988953,0.0231,-54.61174529618,0.0343,31.5843,0.0462,362.193,0.057,-261.344,0.063,0,2.06201e+07,3.90615e+03,7.402639,1.07814e+07,1.52544e+04,7.769698,1.37573e+07,3.03781e+04,6.915584,0.854114,67.42,0.15,5647.00,0.0422,0.0207,0.95,0.824
2.441782,339.0320975,-54.6106211,HD 213941,G5V,30.98,,,-0.42,,,0.19,124.1,29.15,Simbad,339.0321,-54.61062,339.0315194850000,-54.6112110161000,0.005,0.003,0,6506893771477046016,339.03417173538,0.1035,-54.61235833797,0.1877,31.3578,0.2397,356.743,0.220,-266.468,0.298,0,1.24357e+05,1.09019e+03,12.951687,,,,,,,,,,,,,,
0.010117,342.0288281,-37.7566608,HD 215768,G0V,25.34,,,,,,0.31,233.15,37.36,Simbad,342.02883,-37.75666,342.0288313240000,-37.7566619840000,0.001,0.001,0,6547596729863915648,342.02967889651,0.0372,-37.75665460793,0.0375,26.0604,0.0453,155.638,0.066,1.714,0.078,0,2.15188e+07,1.79972e+04,7.356319,1.17328e+07,3.78551e+04,7.677888,1.37356e+07,3.72913e+04,6.917299,0.760589,-25.18,0.26,6025.10,0.0515,0.0223,1.02,1.237
0.008190,344.1002206,-31.5655672,HD 216803,K4Vp,130.94,,,,,10.3,1.0,61.2,18.68,Simbad,344.10022,-31.56557,344.1002220610000,-31.5655652957000,0.002,0.002,90,6604147121141267712,344.10188750913,0.0815,-31.56624685384,0.0494,131.4380,0.0856,329.577,0.116,-158.293,0.100,0,7.04226e+07,6.78815e+04,6.069085,2.89287e+07,7.57006e+04,6.698067,5.70072e+07,4.85350e+05,5.372095,1.325973,7.00,0.16,4607.89,0.1360,0.0662,0.70,0.198
0.012306,345.0803614,-26.1537492,HD 217343,G3V,31.22,,,,,,0.47,285.55,36.22,Simbad,345.08036,-26.15375,345.0803637270000,-26.1537519057000,0.002,0.001,90,2382711653818308224,345.08088607250,0.0446,-26.15444496421,0.0377,31.4668,0.0411,108.897,0.104,-160.968,0.070,0,2.21541e+07,2.83996e+04,7.324731,1.16078e+07,5.31901e+04,7.689511,1.46295e+07,3.31047e+04,6.848843,0.840669,6.14,0.20,5740.33,0.0513,0.0277,0.95,0.886
0.007732,349.6528156,-58.3063533,HD 219709,G2V,25.33,,,-0.02,,,0.22,147.8,31.15,Simbad,349.65282,-58.30635,349.6528163530000,-58.3063511890000,0.001,0.001,0,6492218417982146816,349.65457355688,0.0228,-58.30702415073,0.0312,25.3540,0.0379,214.418,0.041,-156.297,0.058,1,2.18680e+07,4.29086e+03,7.338846,1.16935e+07,1.32842e+04,7.681528,1.42496e+07,1.86430e+04,6.877414,0.804114,18.53,1.65,5827.00,0.0975,0.0445,1.14,1.340
1.176820,349.777785,-13.4585517,HD 219834,G6/G8IV,48.22,3.9,,0.09,,42.5,0.16,53.55,24.71,Simbad,349.77778,-13.45855,349.7780237260000,-13.4587818244000,0.015,0.014,90,2411855072801158656,349.77916920482,0.4764,-13.45909619588,0.5059,44.8996,0.5572,258.738,0.944,-73.014,0.928,0,2.04902e+08,6.34318e+05,4.909501,9.59150e+07,2.42171e+05,5.396672,1.30288e+08,8.55802e+05,4.474658,0.922014,15.89,0.83,5704.50,,,2.06,4.033
0.002188,1.3517831,-37.3573619,HD 225213,M2V,229.33,,,,,,0.36,3.06,7.53,Simbad,1.35178,-37.35736,1.3517825075500,-37.3573622844000,0.003,0.001,90,2306965202564506752,1.38229963942,0.0588,-37.36741971886,0.0380,230.1331,0.0600,5633.374,0.170,-2334.794,0.075,1,1.59438e+07,1.35527e+04,7.681889,4.08359e+06,7.82178e+03,8.823783,1.79415e+07,2.69788e+04,6.627273,2.196510,25.29,0.15,3910.01,0.2810,0.1517,,
0.030840,149.6430119,-46.4251208,GJ 375,M5,62.88,,,,,,2.56,6.33,4.74,Simbad,149.64301,-46.42512,149.6430127750000,-46.4251122545000,0.001,0.001,0,5408648849826522112,149.64601028973,0.0348,-46.42717906188,0.0377,64.7829,0.0448,479.890,0.074,-480.024,0.074,1,1.87763e+06,1.46234e+03,10.004342,3.36251e+05,7.03675e+02,11.534729,2.36842e+06,3.59817e+03,8.825775,2.708954,,,3412.33,,,0.61,0.045
0.070632,154.9011542,19.8700167,GJ 388,M3.5Ve,213.0,,,,,2.6,9.04,30.89,13.15,Simbad,154.90115,19.87002,154.9011700100000,19.8700038994000,0.002,0.002,90,625453654702751872,154.89888734446,0.0576,19.86981583640,0.0581,201.3683,0.0679,-498.605,0.119,-43.683,0.103,0,9.83365e+06,1.36116e+04,8.206579,1.94680e+06,5.74803e+03,9.628085,1.21199e+07,3.19329e+04,7.053171,2.574914,,,3859.05,,,,
0.010342,189.4675694,-52.0014769,GJ 479,M3,103.54,,,,,,1.78,13.32,10.16,Simbad,189.46757,-52.00148,189.4675652260000,-52.0014781839000,0.001,0.001,90,6078114541943893888,189.46033067209,0.0441,-52.00135045200,0.0335,105.5122,0.0645,-1034.452,0.076,29.718,0.053,0,2.82947e+06,1.08597e+03,9.559102,5.86101e+05,7.55961e+02,10.931458,3.39903e+06,2.24391e+03,8.433533,2.497925,,,3716.11,0.4142,0.1997,,
3.422497,189.4675694,-52.0014769,GJ 479,M3,103.54,,,,,,1.78,13.32,10.16,Simbad,189.46757,-52.00148,189.4671318980000,-52.0005651597000,0.009,0.005,90,6078114473214213760,189.46707225030,0.3402,-52.00055908733,0.2166,0.3542,0.4513,-8.529,0.583,1.410,0.354,0,3.26146e+02,8.05393e-01,19.404835,1.37738e+02,7.68813e+00,20.003757,3.16118e+02,1.24867e+01,18.512297,1.491461,,,,,,,
4.016735,189.4675694,-52.0014769,GJ 479,M3,103.54,,,,,,1.78,13.32,10.16,Simbad,189.46757,-52.00148,189.4679218530000,-52.0025713581000,0.006,0.005,90,6078114473215469056,189.46786512405,0.2193,-52.00257545860,0.1932,-0.2214,0.3196,-8.111,0.407,-0.952,0.307,0,4.99079e+02,9.31270e-01,18.942942,2.42737e+02,6.10319e+00,19.388550,3.88074e+02,7.07512e+00,18.289635,1.098915,,,,,,,
0.038895,217.4289531,-62.6794836,GJ 551,M5Ve,772.33,,,,,,4.1,1.68,2.05,Simbad,217.42895,-62.67948,217.4289380140000,-62.6794918941000,0.003,0.001,0,5853498713160606720,217.39346574260,0.0577,-62.67618210292,0.1050,768.5004,0.2030,-3781.306,0.085,769.766,0.189,0,4.94199e+06,4.18051e+03,8.953612,3.86710e+05,1.22379e+03,11.382926,7.41645e+06,1.18875e+04,7.586430,3.796496,,,3295.50,0.2413,0.1595,,
1.236351,217.4289531,-62.6794836,GJ 551,M5Ve,772.33,,,,,,4.1,1.68,2.05,Simbad,217.42895,-62.67948,217.4286349300000,-62.6791727627000,0.030,0.018,0,5853498678802473344,217.42856328700,0.6765,-62.67918765596,0.9868,-0.1464,1.3770,-7.637,1.189,-3.459,1.950,0,8.67872e+01,8.70217e-01,20.842226,3.48032e+01,5.82539e+01,21.497341,1.77373e+02,9.84080e+01,19.139700,2.357641,,,,,,,
2.490642,217.4289531,-62.6794836,GJ 551,M5Ve,772.33,,,,,,4.1,1.68,2.05,Simbad,217.42895,-62.67948,217.4299777120000,-62.6789761576000,0.004,0.003,0,5853498678821076992,217.42993122327,0.1027,-62.67897258258,0.1354,-0.1968,0.2043,-4.956,0.170,0.830,0.266,0,5.91615e+02,8.49621e-01,18.758268,2.19903e+02,7.52925e+00,19.495810,5.75409e+02,8.88088e+00,17.861979,1.633831,,,,,,,
3.031639,217.4289531,-62.6794836,GJ 551,M5Ve,772.33,,,,,,4.1,1.68,2.05,Simbad,217.42895,-62.67948,217.4296980640000,-62.6802531888000,0.005,0.003,0,5853495723865252096,217.42969806412,2.6041,-62.68025318884,4.8702,,,,,,,0,6.33774e+01,1.33648e+00,21.183529,,,,,,,,,,,,,,
3.263206,217.4289531,-62.6794836,GJ 551,M5Ve,772.33,,,,,,4.1,1.68,2.05,Simbad,217.42895,-62.67948,217.4274256450000,-62.6800582124000,0.050,0.025,0,5853498678802473216,217.42736736087,0.6515,-62.68007484223,0.9469,1.4447,1.7982,-6.213,1.596,-3.862,3.230,0,8.72694e+01,7.97838e-01,20.836210,5.02314e+01,9.13838e+00,21.098951,1.58226e+02,1.25500e+01,19.263725,1.835226,,,,,,,
3.764621,217.4289531,-62.6794836,GJ 551,M5Ve,772.33,,,,,,4.1,1.68,2.05,Simbad,217.42895,-62.67948,217.4269601460000,-62.6789767921000,0.014,0.010,0,5853498678800804480,217.42682877913,0.3344,-62.67897420366,0.4116,0.6252,0.6517,-14.004,0.635,0.601,0.878,0,1.48346e+02,6.96191e-01,20.260176,6.23072e+01,7.81181e+00,20.865044,2.35161e+02,7.07264e+00,18.833510,2.031534,,,,,,,
0.135464,269.4520764,4.6934014,GJ 699,sdM4,549.01,,,,,2.09,0.93,2.61,2.48,Simbad,269.45208,4.6934,269.4520824980000,4.6933642650600,0.010,0.006,90,4472832130942575872,269.44861435804,0.2229,4.73798076559,0.3042,547.4506,0.2899,-802.803,0.638,10362.542,0.360,0,9.93811e+06,1.82920e+04,8.195106,1.64589e+06,4.68522e+03,9.810388,1.30864e+07,2.24966e+04,6.969867,2.840520,,,3699.35,0.3010,0.1830,,
0.024798,282.4556769,-23.8362325,GJ 729,M3.5Ve,336.48,,,,,,6.98,79.85,30.12,Simbad,282.45568,-23.83623,282.4556825030000,-23.8362371024000,0.002,0.002,90,4075141768785646848,282.45869194297,0.0622,-23.83707047213,0.0567,336.1228,0.0641,639.348,0.127,-193.550,0.105,0,4.21677e+06,3.23311e+03,9.125915,6.92311e+05,2.20657e+03,10.750635,5.49033e+06,8.83484e+03,7.912925,2.837710,,,3675.23,0.2940,0.1680,,
3.795021,282.4556769,-23.8362325,GJ 729,M3.5Ve,336.48,,,,,,6.98,79.85,30.12,Simbad,282.45568,-23.83623,282.4550677130000,-23.8353376385000,0.020,0.018,90,4075141768771816832,282.45504507409,0.5372,-23.83537657026,0.5515,-1.0985,0.5903,-4.810,1.293,-9.042,1.147,0,2.95222e+02,1.81308e+00,19.512995,1.83584e+02,7.08008e+00,19.691800,3.35117e+02,1.82779e+01,18.448929,1.242870,,,,,,,
